dorianb,Bagur,Dorian,dorian@ethylocle.com,1234
maoqiaoz,Zhou,Maoqiao,maoqiao@ethylocle.com,1234
dorianb,Bagur,Dorian,dorian@ethylocle.com,1234
dorianb,Bagur,Dorian,dorian@ethylocle.com,1234
dorianb,Bagur,Dorian,dorian@ethylocle.com,1234
dorianb,Bagur,Dorian,dorian@ethylocle.com,1234
dorianb,Bagur,Dorian,dorian@ethylocle.com,1234
dorianb,Bagur,Dorian,dorian@ethylocle.com,1234
dorianb,Bagur,Dorian,dorian@ethylocle.com,1234
dorianb,Bagur,Dorian,dorian@ethylocle.com,1234
dorianb,Bagur,Dorian,dorian@ethylocle.com,1234
dorianb,Bagur,Dorian,dorian@ethylocle.com,1234
dorianb,Bagur,Dorian,dorian@ethylocle.com,1234
dorianb,Bagur,Dorian,dorian@ethylocle.com,1234
beber,Bagur,Dorian,beber@ethylocle.com,1234
